형태소,품사,분류,카운트
!,.,BLACKPINK,1
',POS,BLACKPINK,1
'Cause,POS,BLACKPINK,3
'll,MD,BLACKPINK,8
'll,MD,Lady Gaga & BLACKPINK,2
'm,VBP,BLACKPINK,4
'm,VBP,Lady Gaga & BLACKPINK,10
're,VBP,BLACKPINK,4
's,POS,BLACKPINK,5
's,POS,Lady Gaga & BLACKPINK,1
's,VBZ,BLACKPINK,5
's,VBZ,Lady Gaga & BLACKPINK,2
've,VBP,BLACKPINK,2
(,(,BLACKPINK,16
),),BLACKPINK,16
",",",",BLACKPINK,39
.,.,BLACKPINK,2
...,:,BLACKPINK,2
1,CD,BLACKPINK,1
2,CD,BLACKPINK,1
24,CD,BLACKPINK,1
3,CD,BLACKPINK,1
365,CD,BLACKPINK,1
4,CD,BLACKPINK,1
90,CD,BLACKPINK,1
?,.,BLACKPINK,7
A,DT,BLACKPINK,1
A,NNP,BLACKPINK,4
AP,NNP,BLACKPINK,1
Acting,NNP,BLACKPINK,1
Ah,NNP,BLACKPINK,2
All,DT,BLACKPINK,2
All,NNP,BLACKPINK,2
And,CC,BLACKPINK,18
Ask,NNP,Lady Gaga & BLACKPINK,1
At,IN,Lady Gaga & BLACKPINK,1
Aye,NNP,BLACKPINK,1
BA,NNP,BLACKPINK,6
BLACKPINK,NNP,BLACKPINK,7
BOOM,NNP,BLACKPINK,12
BOOMBAYAH,NNP,BLACKPINK,8
Baby,NNP,BLACKPINK,8
Badda,NNP,BLACKPINK,1
Been,IN,BLACKPINK,1
Before,IN,BLACKPINK,1
Bet,NNP,BLACKPINK,1
Better,JJR,BLACKPINK,1
Better,NNP,BLACKPINK,2
Billie,NNP,BLACKPINK,1
Billis,NNP,BLACKPINK,1
Black,NNP,BLACKPINK,3
Blacked,VBN,BLACKPINK,1
Blowin,NNP,BLACKPINK,2
Blue,NNP,BLACKPINK,3
Body,NNP,BLACKPINK,1
Bonnie,NNP,BLACKPINK,1
Born,NNP,BLACKPINK,1
Boy,NNP,BLACKPINK,3
Boys,NNP,BLACKPINK,1
Bring,NNP,BLACKPINK,1
Brrr,NNP,BLACKPINK,1
Brrrr,NNP,BLACKPINK,1
But,CC,BLACKPINK,18
But,CC,Lady Gaga & BLACKPINK,5
Bye,NNP,BLACKPINK,2
Call,VB,BLACKPINK,1
Can,MD,BLACKPINK,4
Cardi,NNP,BLACKPINK,2
Catch,NNP,BLACKPINK,2
Cause,NNP,BLACKPINK,5
Charge,NNP,BLACKPINK,1
Chillin,NNP,BLACKPINK,1
Click-Clack,NNP,BLACKPINK,1
Close,NNP,Lady Gaga & BLACKPINK,1
Clyde,NNP,BLACKPINK,1
Coldest,NNP,BLACKPINK,2
Come,NNP,BLACKPINK,1
Come,NNP,Lady Gaga & BLACKPINK,5
Come,VB,BLACKPINK,1
Cupid,NNP,BLACKPINK,1
Diamonds,VBZ,BLACKPINK,2
Diamond처럼,NNP,BLACKPINK,1
Did,NNP,BLACKPINK,3
Didn,NNP,BLACKPINK,1
Do,VB,BLACKPINK,2
Don,NNP,BLACKPINK,13
Don,VBP,BLACKPINK,4
Drip,NNP,BLACKPINK,1
Drive,VBP,BLACKPINK,1
Driving,NNP,BLACKPINK,1
E,NNP,BLACKPINK,2
Eh,NNP,BLACKPINK,2
Even,RB,BLACKPINK,1
Every,JJ,BLACKPINK,1
Every,NNP,BLACKPINK,6
Eyes,NNP,BLACKPINK,1
F,NNP,BLACKPINK,3
Feelin,NNP,BLACKPINK,1
Feels,NNP,BLACKPINK,1
Felt,NNP,BLACKPINK,1
Fera,NNP,BLACKPINK,1
Fire,NNP,BLACKPINK,2
For,IN,BLACKPINK,4
Forever,NNP,BLACKPINK,10
Foxy,NNP,BLACKPINK,1
From,IN,BLACKPINK,3
Front,NNP,BLACKPINK,1
G,NNP,BLACKPINK,2
GAMBLE,NNP,BLACKPINK,1
Get,NNP,BLACKPINK,3
Get,VB,BLACKPINK,1
Girls,NNP,BLACKPINK,4
Give,VB,BLACKPINK,3
Go,NNP,BLACKPINK,1
Good,NNP,BLACKPINK,1
Got,IN,BLACKPINK,1
Got,NNP,BLACKPINK,5
Got,VB,BLACKPINK,1
Grab,NNP,BLACKPINK,1
Ha,NNP,BLACKPINK,2
Had,NNP,BLACKPINK,1
Hands,NNP,BLACKPINK,1
He,PRP,BLACKPINK,2
Here,RB,BLACKPINK,1
Hey,NNP,BLACKPINK,1
Hi,NNP,BLACKPINK,1
High,NNP,BLACKPINK,1
Higher,JJR,BLACKPINK,2
His,PRP$,BLACKPINK,1
Hit,NNP,BLACKPINK,4
Hit,VB,BLACKPINK,2
Hold,NNP,BLACKPINK,2
Hold,VB,BLACKPINK,1
How,NNP,BLACKPINK,6
How,VBP,BLACKPINK,2
How,WRB,BLACKPINK,7
I,PRP,BLACKPINK,180
I,PRP,Lady Gaga & BLACKPINK,20
I'ma,NNP,BLACKPINK,1
I`m,NNP,BLACKPINK,1
Ice,NNP,BLACKPINK,20
If,IN,BLACKPINK,17
If,IN,Lady Gaga & BLACKPINK,1
Imma,NNP,BLACKPINK,7
In,IN,BLACKPINK,1
It,PRP,BLACKPINK,10
Its,PRP$,BLACKPINK,1
JENNIE,NNP,BLACKPINK,14
JISOO,NNP,BLACKPINK,6
Jane,NNP,BLACKPINK,1
Jennie,NNP,BLACKPINK,1
Just,NNP,BLACKPINK,2
Just,VBZ,BLACKPINK,1
KILL,NNP,BLACKPINK,4
Karma,NNP,BLACKPINK,1
Keep,NNP,BLACKPINK,5
Keep,VB,BLACKPINK,1
Kill,NNP,BLACKPINK,1
Kinda,NNP,BLACKPINK,1
Know,NNP,BLACKPINK,2
Know,VBP,BLACKPINK,1
LAMBO,NNP,BLACKPINK,1
LET,NNP,BLACKPINK,4
LISA,NNP,BLACKPINK,10
LOVE,NNP,BLACKPINK,4
La,NNP,BLACKPINK,1
Let,NNP,BLACKPINK,3
Like,IN,BLACKPINK,5
Lisa,NNP,BLACKPINK,4
Long,NNP,BLACKPINK,1
Look,NNP,BLACKPINK,8
Look,VBP,BLACKPINK,9
Lookin,NNP,BLACKPINK,1
Looking,VBG,BLACKPINK,2
Love,NNP,BLACKPINK,3
Love,VB,BLACKPINK,9
Lovesick,NNP,BLACKPINK,4
Lucky,NNP,BLACKPINK,2
Make,NNP,BLACKPINK,4
Make,NNP,Lady Gaga & BLACKPINK,2
Make,VB,BLACKPINK,1
Make,VBP,BLACKPINK,1
Makeup,NNP,BLACKPINK,2
Maxed,NNP,BLACKPINK,1
Met,VBD,BLACKPINK,1
Middle,NNP,BLACKPINK,1
Might,NNP,BLACKPINK,1
Millis,NNP,BLACKPINK,1
Mona,NNP,BLACKPINK,2
Moses,NNP,BLACKPINK,1
My,NNP,BLACKPINK,4
Na,NNP,BLACKPINK,2
Need,NNP,BLACKPINK,1
Needs,NNP,BLACKPINK,2
Negative,NNP,BLACKPINK,1
Negative,VBP,BLACKPINK,1
Never,NNP,BLACKPINK,4
No,DT,BLACKPINK,3
No,NNP,BLACKPINK,5
Now,RB,BLACKPINK,6
Now,RB,Lady Gaga & BLACKPINK,1
Of,IN,BLACKPINK,3
Oh,NNP,BLACKPINK,5
Oh,NNP,Lady Gaga & BLACKPINK,2
Oh,UH,BLACKPINK,1
On,IN,BLACKPINK,3
One,CD,BLACKPINK,3
Only,RB,BLACKPINK,1
Os,NNP,BLACKPINK,1
Over,IN,BLACKPINK,2
Pedal,NNP,BLACKPINK,1
Pink,NNP,BLACKPINK,2
Pinked,VBD,BLACKPINK,2
Plain,NNP,BLACKPINK,1
Play,NNP,BLACKPINK,1
Playa,NNP,BLACKPINK,1
Pretty,NNP,BLACKPINK,1
Price,NNP,BLACKPINK,1
RAMBO,NNP,BLACKPINK,1
ROSE,NNP,BLACKPINK,10
Really,NNP,BLACKPINK,4
Remind,NNP,BLACKPINK,1
S,NNP,BLACKPINK,4
S,VBP,BLACKPINK,2
S-sour,JJ,Lady Gaga & BLACKPINK,2
S-sour,NNP,Lady Gaga & BLACKPINK,1
Savage,NNP,BLACKPINK,5
Say,NNP,BLACKPINK,1
See,NNP,BLACKPINK,16
See,VB,BLACKPINK,6
Send,NNP,BLACKPINK,1
Simple,NNP,BLACKPINK,1
Slurpee,NNP,BLACKPINK,1
Snow,NNP,BLACKPINK,1
So,NNP,BLACKPINK,7
So,NNP,Lady Gaga & BLACKPINK,2
So,RB,BLACKPINK,1
Something,VBG,BLACKPINK,4
Sou-sour,JJ,Lady Gaga & BLACKPINK,1
Sou-sour,NNP,Lady Gaga & BLACKPINK,1
Sound,NNP,BLACKPINK,1
Sour,NNP,Lady Gaga & BLACKPINK,7
Stressing,VBG,BLACKPINK,1
Sunday,NNP,BLACKPINK,1
Swear,VBP,BLACKPINK,1
THIS,NNP,BLACKPINK,4
Take,VB,BLACKPINK,2
Take,VB,Lady Gaga & BLACKPINK,3
Take,VBP,Lady Gaga & BLACKPINK,1
Tell,NNP,BLACKPINK,1
Test,NNP,BLACKPINK,1
Thank,NNP,BLACKPINK,1
That,DT,BLACKPINK,2
That,WDT,BLACKPINK,1
The,DT,BLACKPINK,2
Then,RB,BLACKPINK,2
Then,RB,Lady Gaga & BLACKPINK,2
Think,NNP,BLACKPINK,2
This,DT,BLACKPINK,2
Time,NNP,BLACKPINK,1
To,TO,BLACKPINK,2
Touch,NNP,BLACKPINK,1
Toxic,NNP,BLACKPINK,1
Turn,VBP,BLACKPINK,1
U,NNP,BLACKPINK,1
UH,NNP,BLACKPINK,4
Uh,NNP,BLACKPINK,3
Uh,NNP,Lady Gaga & BLACKPINK,2
Uh-huh,NNP,Lady Gaga & BLACKPINK,1
Unwrap,NNP,Lady Gaga & BLACKPINK,1
Up,NNP,BLACKPINK,1
V,NNP,BLACKPINK,2
WHOA,NNP,BLACKPINK,2
Wake,NNP,BLACKPINK,2
Wan,NNP,BLACKPINK,1
Want,VBP,BLACKPINK,2
We,PRP,BLACKPINK,15
What,WP,BLACKPINK,5
Whatta,NNP,BLACKPINK,8
When,WRB,BLACKPINK,2
Whenever,NNP,BLACKPINK,1
While,IN,BLACKPINK,1
Who,NNP,BLACKPINK,1
Why,WRB,BLACKPINK,1
Willy,NNP,BLACKPINK,1
Wonderin,NNP,BLACKPINK,1
Workin,NNP,BLACKPINK,2
Would,MD,BLACKPINK,1
Would,NNP,BLACKPINK,3
Xs,CD,BLACKPINK,1
YAH,NNP,BLACKPINK,94
Yeah,NNP,BLACKPINK,6
Yeah,VBZ,BLACKPINK,2
Yes,NNP,BLACKPINK,1
You,PRP,BLACKPINK,50
You,PRP,Lady Gaga & BLACKPINK,1
Your,PRP$,BLACKPINK,2
[,JJ,BLACKPINK,7
[,NN,BLACKPINK,1
[,NNP,BLACKPINK,17
[,VB,BLACKPINK,3
[,VBP,BLACKPINK,10
[,VBZ,BLACKPINK,2
],NN,BLACKPINK,3
],NNP,BLACKPINK,37
a,DT,BLACKPINK,44
a,DT,Lady Gaga & BLACKPINK,12
about,IN,BLACKPINK,1
act,NN,BLACKPINK,2
again,RB,BLACKPINK,2
ah,JJ,BLACKPINK,1
ah,NN,BLACKPINK,1
ahh,NN,BLACKPINK,1
ahhh,NN,BLACKPINK,1
ai,VBP,BLACKPINK,5
ain,VBP,BLACKPINK,29
ain,VBZ,BLACKPINK,3
alarms,NNS,BLACKPINK,1
alike,RB,BLACKPINK,2
all,DT,BLACKPINK,17
alone,JJ,BLACKPINK,1
alone,RB,BLACKPINK,7
always,RB,BLACKPINK,3
am,VBP,BLACKPINK,1
an,DT,BLACKPINK,4
and,CC,BLACKPINK,20
and,CC,Lady Gaga & BLACKPINK,2
angry,JJ,BLACKPINK,1
angry,JJ,Lady Gaga & BLACKPINK,2
another,DT,BLACKPINK,1
anymore,RB,BLACKPINK,1
are,VBP,BLACKPINK,9
area,NN,BLACKPINK,4
arms,NNS,BLACKPINK,1
as,IN,BLACKPINK,1
asked,VBD,BLACKPINK,1
at,IN,BLACKPINK,31
attitude,NN,BLACKPINK,1
baby,IN,BLACKPINK,1
baby,NN,BLACKPINK,10
baby,VBP,BLACKPINK,1
baby,VBZ,BLACKPINK,1
back,RB,BLACKPINK,4
back,RP,BLACKPINK,2
background,NN,BLACKPINK,1
bad,JJ,BLACKPINK,3
badda,NN,BLACKPINK,1
bag,NN,BLACKPINK,1
bags,NNS,BLACKPINK,1
banger,NN,BLACKPINK,1
bass,NN,BLACKPINK,1
be,VB,BLACKPINK,23
be,VB,Lady Gaga & BLACKPINK,2
beat,NN,BLACKPINK,1
bed,NN,BLACKPINK,1
been,VBN,BLACKPINK,11
believe,VB,BLACKPINK,3
best,JJS,BLACKPINK,1
bet,IN,BLACKPINK,2
bet,NN,BLACKPINK,1
bet,RB,BLACKPINK,4
bet,VB,BLACKPINK,1
bet,VBP,BLACKPINK,11
better,JJR,BLACKPINK,8
big,JJ,BLACKPINK,1
bing,VBG,BLACKPINK,1
bird,NN,BLACKPINK,1
bish,JJ,BLACKPINK,4
bishes,NNS,BLACKPINK,2
bit,NN,BLACKPINK,1
bite,JJ,Lady Gaga & BLACKPINK,7
bite,NN,Lady Gaga & BLACKPINK,1
bite,VB,BLACKPINK,2
black,JJ,BLACKPINK,2
blame,IN,BLACKPINK,1
blind,NN,BLACKPINK,2
blind,VB,BLACKPINK,1
blow,VB,BLACKPINK,4
body,NN,BLACKPINK,2
bomb,NN,BLACKPINK,9
bomb,VBD,BLACKPINK,1
boo,RB,BLACKPINK,1
boom,NN,BLACKPINK,4
boomin,NN,BLACKPINK,1
booom,NN,BLACKPINK,1
born,VBN,BLACKPINK,6
boss,NN,BLACKPINK,2
both,DT,BLACKPINK,2
bottle,CC,BLACKPINK,1
bottom,JJ,BLACKPINK,1
bottom,NN,BLACKPINK,1
bought,VBD,BLACKPINK,1
bout,IN,BLACKPINK,6
boy,NN,BLACKPINK,2
boy,NNS,BLACKPINK,1
boy,VB,BLACKPINK,2
boy,VBD,BLACKPINK,1
boy,VBP,BLACKPINK,20
boys,NNS,BLACKPINK,1
boys,VBZ,BLACKPINK,1
break,NN,BLACKPINK,2
break,VB,Lady Gaga & BLACKPINK,1
bright,JJ,BLACKPINK,2
bringing,VBG,BLACKPINK,1
brrr,VBD,BLACKPINK,1
bum,NN,BLACKPINK,32
burn,NN,BLACKPINK,2
burn,VBP,BLACKPINK,2
bust,IN,BLACKPINK,1
bust,VBP,BLACKPINK,1
busy,IN,BLACKPINK,2
but,CC,BLACKPINK,9
buy,VB,BLACKPINK,1
by,IN,BLACKPINK,3
bye,NN,BLACKPINK,5
call,VB,BLACKPINK,4
callin,VBN,BLACKPINK,1
can,MD,BLACKPINK,20
candy,NN,Lady Gaga & BLACKPINK,16
car,NN,BLACKPINK,1
care,NN,BLACKPINK,2
catch,NN,BLACKPINK,1
catch,VB,BLACKPINK,1
cause,NN,BLACKPINK,4
chase,VB,BLACKPINK,1
check,NN,BLACKPINK,1
check,VB,BLACKPINK,2
checkmate,NN,BLACKPINK,1
cherry,JJ,BLACKPINK,1
chic,JJ,BLACKPINK,2
chillin,NN,BLACKPINK,18
chilly,RB,BLACKPINK,1
choir,NN,BLACKPINK,1
chosen,VBN,BLACKPINK,1
clean,VB,BLACKPINK,1
close,VBP,BLACKPINK,1
closer,JJR,BLACKPINK,1
club,NN,BLACKPINK,2
cock,NN,BLACKPINK,1
cold,JJ,BLACKPINK,2
come,NN,BLACKPINK,1
come,NN,Lady Gaga & BLACKPINK,1
come,VB,BLACKPINK,4
come,VBN,BLACKPINK,2
come,VBP,BLACKPINK,5
come,VBP,Lady Gaga & BLACKPINK,3
commit,VBP,BLACKPINK,1
cone,NN,BLACKPINK,2
could,MD,BLACKPINK,10
could,MD,Lady Gaga & BLACKPINK,2
couldn,VBP,BLACKPINK,1
course,NN,BLACKPINK,2
crack,NN,BLACKPINK,1
crazy,JJ,BLACKPINK,3
crazy,NN,BLACKPINK,5
crazy,VBP,BLACKPINK,1
crazy,VBP,Lady Gaga & BLACKPINK,2
cream,NN,BLACKPINK,26
cry,VBP,BLACKPINK,1
curb,NN,BLACKPINK,1
d,RB,BLACKPINK,1
damn,RB,BLACKPINK,1
dance,NN,BLACKPINK,3
dangerous,JJ,BLACKPINK,1
darlin,NN,BLACKPINK,2
date,NN,BLACKPINK,1
day,NN,BLACKPINK,2
days,NNS,BLACKPINK,2
ddu-du,JJ,BLACKPINK,8
ddu-du,NN,BLACKPINK,2
dead,VB,BLACKPINK,1
deal,NN,BLACKPINK,1
dealt,RB,BLACKPINK,1
degular,NN,BLACKPINK,1
desert,NN,BLACKPINK,1
deserve,VBP,BLACKPINK,2
desire,VBP,BLACKPINK,2
diamond,NN,BLACKPINK,1
diamonds,NNS,BLACKPINK,2
did,VBD,BLACKPINK,1
die,VB,BLACKPINK,3
die,VBP,BLACKPINK,2
ding,VBG,BLACKPINK,1
dip,NN,BLACKPINK,2
diss,VB,BLACKPINK,1
do,VB,BLACKPINK,22
do,VB,Lady Gaga & BLACKPINK,1
do,VBP,BLACKPINK,11
do,VBP,Lady Gaga & BLACKPINK,1
doctor,NN,BLACKPINK,1
don,JJ,BLACKPINK,2
don,NN,BLACKPINK,2
don,VB,BLACKPINK,2
don,VBP,BLACKPINK,7
done,VBN,BLACKPINK,4
dong,JJ,BLACKPINK,1
door,NN,BLACKPINK,2
double,RB,BLACKPINK,1
double,VB,BLACKPINK,2
down,IN,BLACKPINK,1
down,RB,BLACKPINK,2
down,RP,BLACKPINK,11
down,VBP,BLACKPINK,2
drama,NN,BLACKPINK,2
drip,NN,BLACKPINK,1
drop,NN,BLACKPINK,1
drug,NN,BLACKPINK,1
du,NN,BLACKPINK,5
dumb,JJ,BLACKPINK,6
easier,JJR,BLACKPINK,3
eat,VB,BLACKPINK,2
eee,FW,BLACKPINK,6
eh,JJ,BLACKPINK,2
eh,VBZ,BLACKPINK,2
else,RB,BLACKPINK,2
em,IN,BLACKPINK,2
em,JJ,BLACKPINK,1
em,VBD,BLACKPINK,3
enemies,NNS,BLACKPINK,1
enough,IN,BLACKPINK,1
enough,NN,BLACKPINK,1
enough,RB,BLACKPINK,2
even,RB,BLACKPINK,1
ever,RB,BLACKPINK,24
everybody,NN,BLACKPINK,3
exes,NNS,BLACKPINK,1
extra,VB,Lady Gaga & BLACKPINK,1
eyes,NNS,Lady Gaga & BLACKPINK,1
fact,NN,BLACKPINK,1
fade,VB,BLACKPINK,1
fake,JJ,Lady Gaga & BLACKPINK,1
fakes,NNS,BLACKPINK,1
fall,NN,BLACKPINK,1
fallin,NN,BLACKPINK,1
fan,NN,BLACKPINK,1
fat,JJ,BLACKPINK,1
favorite,JJ,BLACKPINK,3
feelin,NN,BLACKPINK,1
feelin,VB,BLACKPINK,1
feelin,VBP,BLACKPINK,1
felony,NN,BLACKPINK,2
fight,NN,BLACKPINK,1
finally,RB,BLACKPINK,2
find,IN,BLACKPINK,2
find,VB,BLACKPINK,1
finger,VBZ,BLACKPINK,1
finna,TO,BLACKPINK,1
fire,JJ,BLACKPINK,1
fire,NN,BLACKPINK,13
fix,VB,Lady Gaga & BLACKPINK,1
flavor,NN,BLACKPINK,1
flip,VBD,BLACKPINK,1
fly,VBP,BLACKPINK,2
foolish,JJ,BLACKPINK,1
for,IN,BLACKPINK,10
for,IN,Lady Gaga & BLACKPINK,2
forever,RB,BLACKPINK,1
free,JJ,BLACKPINK,3
fresh,JJ,BLACKPINK,1
fridge,NN,BLACKPINK,2
friend,NN,BLACKPINK,1
from,IN,BLACKPINK,3
frozen,JJ,BLACKPINK,1
full,JJ,BLACKPINK,1
fun,NN,BLACKPINK,3
fun,VBP,BLACKPINK,1
get,VB,BLACKPINK,6
get,VBP,BLACKPINK,4
get,VBP,Lady Gaga & BLACKPINK,2
gettin,JJ,BLACKPINK,1
gettin,VBP,BLACKPINK,1
girl,NN,BLACKPINK,5
girls,NNS,BLACKPINK,12
give,VB,BLACKPINK,2
give,VBP,Lady Gaga & BLACKPINK,2
go,VB,BLACKPINK,12
go,VBP,BLACKPINK,7
god,NNS,BLACKPINK,1
goes,VBZ,BLACKPINK,3
goin,VBP,BLACKPINK,1
gon,NN,BLACKPINK,2
gon,VB,BLACKPINK,2
gon,VBD,BLACKPINK,2
gon,VBG,BLACKPINK,1
gon,VBP,BLACKPINK,11
gon,VBZ,BLACKPINK,4
good,JJ,BLACKPINK,9
goodbye,VBP,BLACKPINK,2
got,VBD,BLACKPINK,16
ha,NN,BLACKPINK,1
had,VBD,BLACKPINK,3
hand,NN,BLACKPINK,1
hard,JJ,BLACKPINK,1
hard,JJ,Lady Gaga & BLACKPINK,4
hate,VB,BLACKPINK,13
hate,VBP,BLACKPINK,1
have,VB,BLACKPINK,11
have,VBP,BLACKPINK,7
he,PRP,BLACKPINK,5
head,NN,BLACKPINK,1
hear,VB,BLACKPINK,4
heard,RB,BLACKPINK,1
heard,VBN,BLACKPINK,1
heart,NN,BLACKPINK,3
heaven,RB,BLACKPINK,1
help,VB,BLACKPINK,3
henny,NN,BLACKPINK,1
her,PRP$,BLACKPINK,2
here,RB,Lady Gaga & BLACKPINK,1
hide,NN,BLACKPINK,1
high,JJ,BLACKPINK,3
higher,JJR,BLACKPINK,13
hijacked,JJ,BLACKPINK,1
him,PRP,BLACKPINK,8
hips,NNS,BLACKPINK,2
honey,NN,BLACKPINK,1
hoo,NN,BLACKPINK,1
hot,JJ,BLACKPINK,3
how,WRB,BLACKPINK,6
hug,NN,BLACKPINK,2
huh,NN,BLACKPINK,1
huh,VBP,BLACKPINK,1
hundred,JJ,BLACKPINK,1
ice,JJ,BLACKPINK,4
ice,NN,BLACKPINK,5
icy,NN,BLACKPINK,1
if,IN,BLACKPINK,11
if,IN,Lady Gaga & BLACKPINK,4
in,IN,BLACKPINK,27
insane,NN,BLACKPINK,1
inside,IN,BLACKPINK,1
inside,IN,Lady Gaga & BLACKPINK,4
inside,JJ,Lady Gaga & BLACKPINK,2
into,IN,BLACKPINK,2
is,VBZ,BLACKPINK,9
island,NN,BLACKPINK,1
it,PRP,BLACKPINK,89
it,PRP,Lady Gaga & BLACKPINK,1
jam,NN,BLACKPINK,2
jeans,NNS,BLACKPINK,1
judge,VB,BLACKPINK,3
just,RB,BLACKPINK,3
keep,VB,BLACKPINK,2
keep,VBP,BLACKPINK,4
keeps,VBZ,BLACKPINK,1
keys,NNS,BLACKPINK,1
kick,NN,BLACKPINK,2
kick,VB,BLACKPINK,20
kicked,VBD,BLACKPINK,2
kicked,VBN,BLACKPINK,1
kicks,NNS,BLACKPINK,1
kill,VB,BLACKPINK,5
killin,NNP,BLACKPINK,1
kills,VBZ,BLACKPINK,2
kind,NN,BLACKPINK,2
kinda,NNP,BLACKPINK,2
kiss,NN,BLACKPINK,4
kiss,VB,BLACKPINK,2
kiss,VBD,BLACKPINK,1
knew,VB,BLACKPINK,2
knew,VBD,BLACKPINK,1
know,VB,BLACKPINK,13
know,VBP,BLACKPINK,36
know,VBP,Lady Gaga & BLACKPINK,1
known,VBN,BLACKPINK,1
l-,JJ,BLACKPINK,32
lalala,NN,BLACKPINK,1
lately,RB,BLACKPINK,2
later,RB,BLACKPINK,45
lease,NN,BLACKPINK,2
least,JJS,Lady Gaga & BLACKPINK,1
leave,VBP,BLACKPINK,1
left,NN,BLACKPINK,1
left,VBD,BLACKPINK,2
left,VBN,BLACKPINK,1
let,NN,BLACKPINK,4
let,VB,BLACKPINK,2
let,VB,Lady Gaga & BLACKPINK,1
let,VBD,BLACKPINK,2
letter,NN,BLACKPINK,1
letters,NNS,BLACKPINK,1
letting,VBG,BLACKPINK,3
lick,NN,BLACKPINK,1
lick,VB,BLACKPINK,1
lie,NN,BLACKPINK,2
lie,VBP,BLACKPINK,1
life,NN,BLACKPINK,3
light,JJ,BLACKPINK,2
light,NN,BLACKPINK,1
light,VBD,BLACKPINK,1
lighting,VBG,BLACKPINK,3
lights,NNS,Lady Gaga & BLACKPINK,2
like,IN,BLACKPINK,59
like,VBP,BLACKPINK,10
lil,JJ,BLACKPINK,1
line,NN,BLACKPINK,1
lips,NNS,BLACKPINK,1
list,NN,BLACKPINK,1
lit,RBR,BLACKPINK,1
little,JJ,BLACKPINK,4
little,JJ,Lady Gaga & BLACKPINK,2
ll,JJ,BLACKPINK,11
ll,NNS,BLACKPINK,2
ll,RB,BLACKPINK,2
loco,NN,BLACKPINK,1
look,NN,BLACKPINK,4
look,VB,BLACKPINK,1
look,VBP,BLACKPINK,19
looking,VBG,BLACKPINK,4
loser,NN,BLACKPINK,1
loud,JJ,BLACKPINK,1
love,IN,BLACKPINK,10
love,NN,BLACKPINK,33
love,NN,Lady Gaga & BLACKPINK,2
love,VB,BLACKPINK,18
love,VBP,BLACKPINK,13
lovesick,JJ,BLACKPINK,7
low,JJ,Lady Gaga & BLACKPINK,2
m,JJ,BLACKPINK,14
m,PDT,BLACKPINK,2
m,RB,BLACKPINK,8
mad,IN,BLACKPINK,2
mad,JJ,BLACKPINK,1
mad,VBP,BLACKPINK,2
made,VBD,BLACKPINK,3
make,VB,BLACKPINK,1
make,VB,Lady Gaga & BLACKPINK,2
make,VBP,BLACKPINK,5
makes,VBZ,BLACKPINK,1
making,VBG,BLACKPINK,2
man,NN,BLACKPINK,6
manage,NN,BLACKPINK,2
maybe,RB,BLACKPINK,6
me,PRP,BLACKPINK,118
me,PRP,Lady Gaga & BLACKPINK,9
mean,JJ,Lady Gaga & BLACKPINK,1
mean,VBP,BLACKPINK,4
meet,NN,BLACKPINK,1
melting,VBG,BLACKPINK,1
mess,NN,BLACKPINK,2
messed,VBD,BLACKPINK,2
messed,VBN,Lady Gaga & BLACKPINK,1
metal,NN,BLACKPINK,1
might,MD,BLACKPINK,2
might,MD,Lady Gaga & BLACKPINK,1
mind,NN,BLACKPINK,1
mine,JJ,BLACKPINK,1
miss,VB,BLACKPINK,1
miss,VBP,BLACKPINK,1
missile,NN,BLACKPINK,4
missing,VBG,BLACKPINK,2
mistaken,JJ,BLACKPINK,1
moment,NN,BLACKPINK,3
more,JJR,BLACKPINK,1
more,RBR,BLACKPINK,4
move,NN,BLACKPINK,2
move,VBP,BLACKPINK,1
movie,NN,BLACKPINK,1
movin,VBD,BLACKPINK,2
much,JJ,BLACKPINK,1
murdered,VBN,BLACKPINK,1
must,MD,BLACKPINK,1
my,PRP$,BLACKPINK,49
myself,PRP,BLACKPINK,2
myself,VB,BLACKPINK,1
n't,RB,BLACKPINK,12
n't,RB,Lady Gaga & BLACKPINK,1
na,JJ,BLACKPINK,7
na,JJ,Lady Gaga & BLACKPINK,1
na,NN,BLACKPINK,1
na,NNS,BLACKPINK,4
na,RB,BLACKPINK,4
na,TO,BLACKPINK,54
na,VB,BLACKPINK,9
nah,VBP,BLACKPINK,2
nasty,JJ,BLACKPINK,1
need,MD,BLACKPINK,1
need,VBP,BLACKPINK,8
needed,VBD,BLACKPINK,2
negative,JJ,BLACKPINK,2
never,RB,BLACKPINK,11
nice,JJ,BLACKPINK,1
nice,JJ,Lady Gaga & BLACKPINK,1
night,NN,BLACKPINK,5
nights,NNS,BLACKPINK,2
no,DT,BLACKPINK,19
nobody,NN,BLACKPINK,1
not,RB,BLACKPINK,9
not,RB,Lady Gaga & BLACKPINK,1
nothin,JJ,BLACKPINK,3
nothing,NN,BLACKPINK,1
now,RB,BLACKPINK,16
now,RB,Lady Gaga & BLACKPINK,1
o,JJ,BLACKPINK,1
o,NN,BLACKPINK,1
of,IN,BLACKPINK,6
oh,RB,BLACKPINK,1
oh,UH,BLACKPINK,1
oh,VBZ,BLACKPINK,1
ohh,MD,BLACKPINK,1
okay,JJ,BLACKPINK,1
old,JJ,BLACKPINK,1
on,IN,BLACKPINK,23
on,IN,Lady Gaga & BLACKPINK,5
once,RB,BLACKPINK,3
one,CD,BLACKPINK,4
only,JJ,BLACKPINK,2
only,RB,BLACKPINK,9
ooh,MD,BLACKPINK,1
ooh,VB,BLACKPINK,1
or,CC,BLACKPINK,6
out,IN,BLACKPINK,1
out,RP,BLACKPINK,14
outside,JJ,Lady Gaga & BLACKPINK,4
outta,NN,BLACKPINK,2
over,IN,BLACKPINK,8
owe,VBP,BLACKPINK,1
own,JJ,BLACKPINK,1
paradise,NN,BLACKPINK,1
part,NN,BLACKPINK,1
party,NN,BLACKPINK,2
pay,VB,BLACKPINK,1
peek,VB,Lady Gaga & BLACKPINK,1
pick,VB,BLACKPINK,1
piece,NN,BLACKPINK,1
ping,VBG,BLACKPINK,1
pink,NN,BLACKPINK,1
place,NN,BLACKPINK,1
plane,NN,BLACKPINK,1
play,NN,BLACKPINK,2
play,VB,BLACKPINK,6
playlist,NN,BLACKPINK,1
please,NN,BLACKPINK,1
plus,VBP,BLACKPINK,1
pong,JJ,BLACKPINK,1
poppin,VBN,BLACKPINK,1
pretend,NN,BLACKPINK,1
pretty,JJ,BLACKPINK,5
pretty,NN,BLACKPINK,1
pretty,RB,BLACKPINK,7
price,NN,BLACKPINK,1
priceless,NN,BLACKPINK,1
prince,NN,BLACKPINK,1
princess,NN,BLACKPINK,1
problem,NN,BLACKPINK,1
program,NN,BLACKPINK,1
psycho,NN,Lady Gaga & BLACKPINK,2
puddles,NNS,BLACKPINK,1
pump,VBP,BLACKPINK,1
put,VB,BLACKPINK,1
quit,VBP,BLACKPINK,1
ra,NN,BLACKPINK,3
racks,NNS,BLACKPINK,2
rain,VBZ,BLACKPINK,1
rather,RB,BLACKPINK,1
re,NNS,BLACKPINK,1
re,VB,BLACKPINK,11
real,JJ,BLACKPINK,10
real,JJ,Lady Gaga & BLACKPINK,1
really,RB,BLACKPINK,37
recycle,NN,BLACKPINK,2
red,JJ,BLACKPINK,1
regular,JJ,BLACKPINK,1
relate,NN,BLACKPINK,2
relax,NN,BLACKPINK,1
replace,VB,BLACKPINK,1
ride,VBP,BLACKPINK,2
right,JJ,BLACKPINK,2
right,NN,BLACKPINK,1
right,RB,BLACKPINK,3
rings,NNS,BLACKPINK,1
romance,NN,BLACKPINK,1
roses,NNS,BLACKPINK,1
run,NN,BLACKPINK,2
run,RB,BLACKPINK,4
run,VB,BLACKPINK,5
run,VBN,BLACKPINK,4
s,JJ,BLACKPINK,5
s,NN,BLACKPINK,2
s,RB,BLACKPINK,2
s,VB,BLACKPINK,4
s,VBD,BLACKPINK,2
s,VBZ,BLACKPINK,7
sad,JJ,BLACKPINK,2
sad,VBD,BLACKPINK,1
sadly,RB,BLACKPINK,1
said,VBD,BLACKPINK,3
same,JJ,BLACKPINK,3
savage,JJ,BLACKPINK,2
savage,NN,BLACKPINK,4
saw,VBD,BLACKPINK,2
say,VB,BLACKPINK,4
say,VBP,BLACKPINK,2
sayin,VBN,BLACKPINK,2
scoop,VB,BLACKPINK,1
see,VB,BLACKPINK,22
see,VBP,Lady Gaga & BLACKPINK,2
seek,NN,BLACKPINK,1
sees,VBZ,BLACKPINK,3
set,VBD,BLACKPINK,1
set,VBP,BLACKPINK,2
she,PRP,BLACKPINK,1
shhh,NN,BLACKPINK,1
shine,NN,BLACKPINK,5
shine,VB,BLACKPINK,1
shoes,NNS,BLACKPINK,3
shot,NN,BLACKPINK,3
should,MD,BLACKPINK,5
show,JJ,BLACKPINK,1
show,VB,Lady Gaga & BLACKPINK,1
show,VBP,BLACKPINK,4
shows,NNS,BLACKPINK,1
sight,NN,BLACKPINK,2
sinner,NN,BLACKPINK,1
sip,VBD,BLACKPINK,1
skinny,VBD,BLACKPINK,1
sky,NN,BLACKPINK,3
slippin,NN,BLACKPINK,1
slow,JJ,BLACKPINK,2
slow,VB,BLACKPINK,1
smart,VBP,BLACKPINK,1
smooth,NN,BLACKPINK,2
snake,NN,BLACKPINK,1
sneak,JJ,BLACKPINK,1
so,IN,BLACKPINK,6
so,RB,BLACKPINK,20
some,DT,BLACKPINK,10
something,NN,BLACKPINK,4
song,NN,BLACKPINK,1
sorry,JJ,BLACKPINK,3
sorry,NN,BLACKPINK,2
sour,JJ,Lady Gaga & BLACKPINK,4
splash,NN,BLACKPINK,3
splish,JJ,BLACKPINK,3
stack,NN,BLACKPINK,1
stacks,NNS,BLACKPINK,1
stakes,NNS,BLACKPINK,1
stars,NNS,BLACKPINK,1
stay,JJ,BLACKPINK,3
stay,NN,BLACKPINK,8
stay,VB,BLACKPINK,3
stay,VBP,BLACKPINK,1
still,RB,BLACKPINK,4
stone,NN,BLACKPINK,1
stupid,JJ,BLACKPINK,2
stylin,NN,BLACKPINK,1
sun,NN,BLACKPINK,1
sunset,VBD,BLACKPINK,1
super,JJ,Lady Gaga & BLACKPINK,2
sure,JJ,BLACKPINK,2
swallowed,VBN,BLACKPINK,1
sweat,NN,BLACKPINK,1
sweet,JJ,BLACKPINK,4
sweet,JJ,Lady Gaga & BLACKPINK,2
sweet,NN,BLACKPINK,1
t,IN,BLACKPINK,1
t,JJ,BLACKPINK,10
t,NN,BLACKPINK,65
t,NNP,BLACKPINK,1
t,RB,BLACKPINK,2
ta,JJ,BLACKPINK,1
ta,NN,BLACKPINK,3
ta,RB,BLACKPINK,5
take,NN,Lady Gaga & BLACKPINK,4
take,VB,BLACKPINK,4
taken,VBN,BLACKPINK,1
takin,NN,BLACKPINK,3
taking,VBG,BLACKPINK,2
taste,NN,BLACKPINK,1
taste,NN,Lady Gaga & BLACKPINK,1
tell,VB,BLACKPINK,6
tellin,JJ,BLACKPINK,1
test,IN,BLACKPINK,2
than,IN,BLACKPINK,3
that,DT,BLACKPINK,31
that,IN,BLACKPINK,29
that,WDT,BLACKPINK,12
the,DT,BLACKPINK,58
the,DT,Lady Gaga & BLACKPINK,6
them,PRP,BLACKPINK,3
then,RB,Lady Gaga & BLACKPINK,4
there,RB,BLACKPINK,1
they,PRP,BLACKPINK,11
thick,JJ,BLACKPINK,1
thing,NN,BLACKPINK,3
things,NNS,BLACKPINK,1
think,VBP,BLACKPINK,1
thirsty,JJ,BLACKPINK,1
this,DT,BLACKPINK,15
three,CD,BLACKPINK,1
through,IN,BLACKPINK,4
til,NN,BLACKPINK,2
till,NN,BLACKPINK,1
time,NN,BLACKPINK,11
time,NN,Lady Gaga & BLACKPINK,4
times,NNS,BLACKPINK,1
to,TO,BLACKPINK,80
to,TO,Lady Gaga & BLACKPINK,1
together,RB,BLACKPINK,1
tonight,NN,BLACKPINK,2
too,RB,BLACKPINK,3
top,JJ,BLACKPINK,1
top,NN,BLACKPINK,2
touch,JJ,BLACKPINK,3
touch,NN,BLACKPINK,4
touch,VB,BLACKPINK,2
treat,NN,BLACKPINK,2
treats,VBZ,BLACKPINK,2
true,JJ,BLACKPINK,2
truth,NN,BLACKPINK,1
trying,VBG,BLACKPINK,3
tub,NN,BLACKPINK,2
turin,NN,BLACKPINK,1
turn,VBP,Lady Gaga & BLACKPINK,2
two,CD,BLACKPINK,1
u,JJ,BLACKPINK,39
uh,JJ,BLACKPINK,5
uh,NN,BLACKPINK,1
uh,NNP,BLACKPINK,1
uh,VBP,BLACKPINK,2
uh-huh,JJ,BLACKPINK,1
uh-huh,JJ,Lady Gaga & BLACKPINK,1
undressing,VBG,Lady Gaga & BLACKPINK,1
unless,IN,BLACKPINK,3
unwrap,IN,Lady Gaga & BLACKPINK,4
up,IN,BLACKPINK,1
up,RB,BLACKPINK,3
up,RP,BLACKPINK,28
up,RP,Lady Gaga & BLACKPINK,3
ve,JJ,BLACKPINK,1
ve,NNS,BLACKPINK,1
ve,RB,BLACKPINK,2
venom,NN,BLACKPINK,1
villain,NN,BLACKPINK,1
visa,VB,BLACKPINK,2
volume은,NN,BLACKPINK,1
waist,JJ,BLACKPINK,1
wait,NN,BLACKPINK,3
waiting,VBG,BLACKPINK,1
walk,VBP,BLACKPINK,5
wan,JJ,BLACKPINK,2
wan,NN,BLACKPINK,6
wan,VB,BLACKPINK,1
wan,VBP,BLACKPINK,34
wan,VBP,Lady Gaga & BLACKPINK,1
want,JJ,BLACKPINK,1
want,VB,BLACKPINK,6
want,VBP,BLACKPINK,7
want,VBP,Lady Gaga & BLACKPINK,1
was,VBD,BLACKPINK,6
waste,IN,BLACKPINK,1
wasting,VBG,BLACKPINK,2
waves,NNS,BLACKPINK,1
way,NN,BLACKPINK,1
we,PRP,BLACKPINK,25
weekend,NN,BLACKPINK,1
well,RB,BLACKPINK,1
wells,NNS,BLACKPINK,1
went,VBD,BLACKPINK,4
were,VBD,BLACKPINK,6
what,WP,BLACKPINK,33
what,WP,Lady Gaga & BLACKPINK,2
whatta,NN,BLACKPINK,8
wheelie,NN,BLACKPINK,1
when,WRB,BLACKPINK,8
when,WRB,Lady Gaga & BLACKPINK,2
where,WRB,BLACKPINK,5
wherever,NN,BLACKPINK,1
whistle,NN,BLACKPINK,2
whistle,NNS,BLACKPINK,3
white,JJ,BLACKPINK,2
whoa,VBP,BLACKPINK,1
whoever,IN,BLACKPINK,1
whole,JJ,BLACKPINK,1
whooo,NN,BLACKPINK,1
why,WRB,BLACKPINK,4
will,MD,BLACKPINK,1
win,VBP,BLACKPINK,1
wish,VBP,BLACKPINK,1
wishing,VBG,BLACKPINK,1
with,IN,BLACKPINK,28
without,IN,BLACKPINK,10
won,VBD,BLACKPINK,3
worth,IN,BLACKPINK,7
would,MD,BLACKPINK,1
wouldn,VBP,BLACKPINK,1
wow,VBD,Lady Gaga & BLACKPINK,1
wrist,NN,BLACKPINK,4
wrong,JJ,BLACKPINK,2
wrong,RB,BLACKPINK,1
x,NN,BLACKPINK,1
ya,JJ,BLACKPINK,2
ya,NN,BLACKPINK,3
yeah,FW,Lady Gaga & BLACKPINK,2
yeah,JJ,BLACKPINK,1
yeah,NN,BLACKPINK,8
yeah,NN,Lady Gaga & BLACKPINK,17
yeah,NNS,BLACKPINK,1
yeah,NNS,Lady Gaga & BLACKPINK,1
yeah,PRP,BLACKPINK,2
yeah,RB,BLACKPINK,3
yeah,UH,BLACKPINK,1
yellow,VBP,BLACKPINK,2
yes,RB,BLACKPINK,2
you,PRP,BLACKPINK,226
you,PRP,Lady Gaga & BLACKPINK,8
young,JJ,BLACKPINK,10
your,PRP$,BLACKPINK,14
your,PRP$,Lady Gaga & BLACKPINK,3
zoom,NN,BLACKPINK,2
‘,NN,BLACKPINK,1
‘,NNP,BLACKPINK,1
’,JJ,BLACKPINK,51
’,NN,BLACKPINK,10
’,NNP,BLACKPINK,69
’,NNS,BLACKPINK,3
’,TO,BLACKPINK,3
’,VB,BLACKPINK,11
’,VBD,BLACKPINK,4
’,VBP,BLACKPINK,60
’,VBZ,BLACKPINK,5
가기,NNP,BLACKPINK,1
가까이,NNP,BLACKPINK,2
가끔,NNP,BLACKPINK,4
가녀린,NNP,BLACKPINK,1
가는,NNP,BLACKPINK,2
가도,NNP,BLACKPINK,2
가두기,NNP,BLACKPINK,2
가둔,NNP,BLACKPINK,1
가득한,NNP,BLACKPINK,1
가라앉으면,JJ,BLACKPINK,1
가려진,NNP,BLACKPINK,1
가로채,NNP,BLACKPINK,1
가린,NNP,BLACKPINK,1
가벼운,NNP,BLACKPINK,1
가볼래,NNP,BLACKPINK,1
가슴은,NNP,BLACKPINK,1
가장,NNP,BLACKPINK,1
가질,NNP,BLACKPINK,1
간,NNP,BLACKPINK,1
갇혀,NNP,BLACKPINK,1
갈,NNP,BLACKPINK,2
갈래,NNP,BLACKPINK,1
감싸고,NNP,BLACKPINK,2
감싸지만,NNP,BLACKPINK,2
감정의,NNP,BLACKPINK,1
감춘,NNP,BLACKPINK,1
감히,NNP,BLACKPINK,1
갔다,NNP,BLACKPINK,1
같겠지만,NNP,BLACKPINK,1
같길,NNP,BLACKPINK,1
같다면,NNP,BLACKPINK,2
같아,NNP,BLACKPINK,1
같아서,NNP,BLACKPINK,1
같은,NNP,BLACKPINK,5
같이,NNP,BLACKPINK,2
같지,NNP,BLACKPINK,2
개,NNP,BLACKPINK,3
걔가,NNP,BLACKPINK,1
거니까,NNP,BLACKPINK,1
거라,NNP,BLACKPINK,1
거라고,NN,BLACKPINK,1
거라고,NNP,BLACKPINK,5
거리낌,NNP,Lady Gaga & BLACKPINK,1
거리는,NNP,BLACKPINK,1
거린,NNP,BLACKPINK,1
거릴,NNP,Lady Gaga & BLACKPINK,1
거슬려,NNP,BLACKPINK,1
거야,NNP,BLACKPINK,12
거울에,NNP,BLACKPINK,2
거지,NNP,BLACKPINK,1
거짓,NN,BLACKPINK,1
거짓말,IN,BLACKPINK,1
거짓말,NNP,BLACKPINK,1
거짓말을,NNP,BLACKPINK,1
거짓말처럼,NNP,BLACKPINK,3
거친,NNP,BLACKPINK,1
거침없이,NNP,BLACKPINK,1
건,NNP,BLACKPINK,5
건,NNP,Lady Gaga & BLACKPINK,1
건너편엔,NNP,BLACKPINK,1
건데,NNP,BLACKPINK,2
건지,NNP,BLACKPINK,1
걷잡을,NNP,BLACKPINK,1
걸,NN,BLACKPINK,1
걸,NNP,BLACKPINK,14
걸고,NNP,BLACKPINK,1
걸까,NNP,BLACKPINK,2
걸로,NNP,BLACKPINK,1
걸어가는,NNP,BLACKPINK,3
걸쳤지만,NNP,BLACKPINK,1
검은색,NNP,BLACKPINK,2
겁,NNP,BLACKPINK,2
것,NNP,BLACKPINK,1
것도,NNP,BLACKPINK,3
것처럼,FW,BLACKPINK,2
것처럼,NNP,BLACKPINK,14
게,NNP,BLACKPINK,16
게임은,NNP,BLACKPINK,1
견딜,NNP,BLACKPINK,2
결국,NNP,BLACKPINK,1
결국엔,VBP,BLACKPINK,1
결론은,NNP,BLACKPINK,1
결론이,JJ,BLACKPINK,1
결론이,NNP,BLACKPINK,1
경찰도,NNP,BLACKPINK,1
곁에,NNP,BLACKPINK,7
곁에만,NNP,BLACKPINK,1
곁을,NNP,BLACKPINK,2
계산은,NNP,BLACKPINK,1
계속,NNP,BLACKPINK,1
고요한,NNP,BLACKPINK,1
골랐어,NNP,BLACKPINK,1
곳들까지,NNP,BLACKPINK,1
관리하고,NNP,BLACKPINK,1
괜찮다고,JJ,BLACKPINK,1
괜찮다고,NNP,BLACKPINK,1
괜찮아,NNP,BLACKPINK,3
괜한,NNP,BLACKPINK,1
괴롭히지만,NNP,BLACKPINK,3
구름,NNP,BLACKPINK,1
구차해,NNP,BLACKPINK,1
굳이,NNP,BLACKPINK,7
궁금하면,NNP,BLACKPINK,1
귓가에,NNP,BLACKPINK,1
그,NNP,BLACKPINK,9
그,VBP,BLACKPINK,1
그게,NNP,BLACKPINK,2
그냥,NNP,BLACKPINK,3
그녀는,NNP,BLACKPINK,2
그대로,NNP,BLACKPINK,4
그대론,NNP,BLACKPINK,2
그때,NNP,BLACKPINK,4
그때쯤에,NNP,BLACKPINK,1
그래,NNP,BLACKPINK,3
그래,VBN,BLACKPINK,1
그래도,NNP,BLACKPINK,1
그래서,NNP,BLACKPINK,3
그런,NNP,BLACKPINK,1
그럴수록,NNP,BLACKPINK,3
그렇다고,NNP,BLACKPINK,1
그렇지,NNP,BLACKPINK,1
그려,NNP,BLACKPINK,1
그려본,NNP,BLACKPINK,3
그려왔던,NNP,BLACKPINK,1
그리,NNP,BLACKPINK,3
그림,NNP,BLACKPINK,1
그림자도,NNP,BLACKPINK,1
그만,NNP,BLACKPINK,5
그저,NNP,BLACKPINK,7
근데,NNP,BLACKPINK,1
급해지지,NNP,BLACKPINK,1
기다려도,NNP,BLACKPINK,1
기다린,NNP,BLACKPINK,1
기대하는,NNP,BLACKPINK,1
기댈,NNP,BLACKPINK,1
기름,NNP,BLACKPINK,1
기억은,NNP,BLACKPINK,2
기억해,NNP,BLACKPINK,3
길어지는데,NNP,BLACKPINK,1
길을,NNP,BLACKPINK,2
깊이,NNP,BLACKPINK,3
까먹었니,NNP,BLACKPINK,1
까보면,NNP,Lady Gaga & BLACKPINK,1
깔면,NNP,BLACKPINK,1
깔음,NNP,BLACKPINK,1
깡통,NNP,BLACKPINK,2
꺾지,NNP,BLACKPINK,1
꼭,NNP,BLACKPINK,2
꼭대기,NNP,BLACKPINK,1
꼴좋으니까,NNP,BLACKPINK,2
꽃이,NNP,BLACKPINK,1
꽤나,NNP,BLACKPINK,1
꿈꾸던,NNP,BLACKPINK,2
끈,NNP,BLACKPINK,3
끊어야겠어,NNP,BLACKPINK,2
끌,NNP,BLACKPINK,2
끌려,NNP,BLACKPINK,1
끌림이,NNP,BLACKPINK,1
끝까지,NNP,BLACKPINK,1
끝내야,NNP,BLACKPINK,1
끝낼,NNP,BLACKPINK,3
끝낼순,NNP,BLACKPINK,1
끝에,NNP,BLACKPINK,1
끝엔,NNP,BLACKPINK,1
끝을,NNP,BLACKPINK,2
끝이,JJ,BLACKPINK,1
끝이,NNP,BLACKPINK,2
끝이란,JJ,BLACKPINK,1
끝자락,NNP,BLACKPINK,1
끝장을,NNP,BLACKPINK,1
나,JJ,BLACKPINK,1
나,NNP,BLACKPINK,13
나날,NNP,BLACKPINK,1
나는,NNP,BLACKPINK,2
나니까,NNP,BLACKPINK,3
나도,NN,BLACKPINK,1
나도,NNP,BLACKPINK,1
나를,NNP,BLACKPINK,12
나만,NNP,BLACKPINK,1
나만을,NNP,BLACKPINK,1
나보다,NNP,BLACKPINK,3
나야,NNP,BLACKPINK,1
나약한,NNP,BLACKPINK,2
나와,NNP,BLACKPINK,1
나은,NNP,BLACKPINK,3
나의,NNP,BLACKPINK,1
나지막이,NNP,BLACKPINK,1
나처럼,NNP,BLACKPINK,2
나타나면,NNP,BLACKPINK,1
난,JJ,BLACKPINK,2
난,NNP,BLACKPINK,28
난,VBP,BLACKPINK,3
난리를,NNP,BLACKPINK,2
날,JJ,BLACKPINK,2
날,NNP,BLACKPINK,39
날,NNP,Lady Gaga & BLACKPINK,1
날개,VBP,BLACKPINK,1
날만,NNP,BLACKPINK,1
날아,NNP,BLACKPINK,1
날아갈,NNP,BLACKPINK,1
날에,NNP,BLACKPINK,3
낡은,NNP,BLACKPINK,3
남겨준,NNP,BLACKPINK,3
남들처럼,NNP,BLACKPINK,2
남아,NNP,BLACKPINK,4
남자,NNP,BLACKPINK,2
남자들은,NNP,BLACKPINK,1
남자들이,NNP,BLACKPINK,1
남자와는,NNP,BLACKPINK,3
낮에도,NNP,BLACKPINK,1
낯설지,NNP,BLACKPINK,1
내,JJ,BLACKPINK,2
내,NN,BLACKPINK,1
내,NNP,BLACKPINK,53
내가,NNP,BLACKPINK,15
내게,NNP,BLACKPINK,3
내놓고,NNP,BLACKPINK,1
내놔봐,NNP,BLACKPINK,1
내려놓자며,NNP,BLACKPINK,1
내뱉던,NNP,BLACKPINK,1
내빼,NNP,BLACKPINK,1
내일,NNP,BLACKPINK,3
너,JJ,BLACKPINK,1
너,NNP,BLACKPINK,7
너네,JJ,BLACKPINK,1
너는,NNP,BLACKPINK,4
너다워,NNP,BLACKPINK,1
너도,NNP,BLACKPINK,2
너라는,NNP,BLACKPINK,2
너란,NNP,BLACKPINK,6
너로,NNP,BLACKPINK,1
너를,NNP,BLACKPINK,7
너만,NNP,BLACKPINK,2
너무,JJ,BLACKPINK,1
너무,NNP,BLACKPINK,5
너무나,NNP,BLACKPINK,1
너야,NNP,Lady Gaga & BLACKPINK,2
너에게,NNP,BLACKPINK,7
너여야만,NNP,BLACKPINK,2
너와,NNP,BLACKPINK,7
너와의,NNP,BLACKPINK,1
너의,NNP,BLACKPINK,4
너지만,NNP,BLACKPINK,1
너희,NNP,BLACKPINK,2
넌,JJ,BLACKPINK,2
넌,NNP,BLACKPINK,12
넌,NNP,Lady Gaga & BLACKPINK,2
넌,VBP,BLACKPINK,2
널,FW,BLACKPINK,2
널,NNP,BLACKPINK,17
널,VB,BLACKPINK,1
널,VBP,BLACKPINK,1
넘어서,NNP,BLACKPINK,4
넘어선,NNP,BLACKPINK,1
넘어와라,NNP,BLACKPINK,1
네,NNP,BLACKPINK,18
네,VBD,BLACKPINK,1
네,VBP,BLACKPINK,3
네가,NNP,BLACKPINK,3
네가,NNS,BLACKPINK,1
네가,VBP,BLACKPINK,3
노래를,NNP,BLACKPINK,1
노력,NNP,BLACKPINK,2
노예,NNP,BLACKPINK,1
논하자면,NNP,BLACKPINK,1
높이,NNP,BLACKPINK,3
높인,NNP,BLACKPINK,1
놓을,NNP,BLACKPINK,2
누가,IN,BLACKPINK,1
누가,NN,BLACKPINK,1
누가,NNP,BLACKPINK,5
누가,VBP,BLACKPINK,1
누군지,NNP,BLACKPINK,1
눈,NNP,BLACKPINK,1
눈만,NNP,BLACKPINK,1
눈물을,NNP,BLACKPINK,1
눈물이,NNP,BLACKPINK,1
눈부셔,NNP,BLACKPINK,2
눈빛,NNP,BLACKPINK,1
눈빛에,NNP,Lady Gaga & BLACKPINK,1
눈빛은,JJ,BLACKPINK,1
눈빛이,NNP,BLACKPINK,1
눈에,NNP,BLACKPINK,2
눈엔,NNP,BLACKPINK,1
눈을,NNP,BLACKPINK,2
눈이,NNP,BLACKPINK,1
눈치,NNP,BLACKPINK,1
눈치는,NNP,BLACKPINK,1
느껴,NNP,BLACKPINK,1
느껴지니,NNP,BLACKPINK,1
느낌이,NNP,BLACKPINK,1
느려도,NNP,BLACKPINK,1
늘,NNP,BLACKPINK,2
다,NNP,BLACKPINK,8
다,VBZ,BLACKPINK,1
다르다고,NNP,BLACKPINK,3
다른,JJ,BLACKPINK,3
다른,NNP,BLACKPINK,1
다름,NNP,BLACKPINK,2
다시,NNP,BLACKPINK,2
다치고,NNP,BLACKPINK,1
다치니까,NNP,BLACKPINK,1
달려,NNP,BLACKPINK,1
달려보자,IN,BLACKPINK,2
달려봐,NNP,BLACKPINK,2
달려야지,NNP,BLACKPINK,1
달리고,NNP,BLACKPINK,2
달빛,NNP,BLACKPINK,1
달빛에,NNP,BLACKPINK,1
달아올라,NNP,BLACKPINK,1
달이,NNP,BLACKPINK,2
달콤한,NNP,BLACKPINK,2
닮은,JJ,BLACKPINK,2
담아,NNP,BLACKPINK,1
담지마,NNP,BLACKPINK,1
답답한,NNP,BLACKPINK,1
답이,NNP,BLACKPINK,1
당기는,NNP,BLACKPINK,1
당연하게,NNP,BLACKPINK,1
당장,NNP,BLACKPINK,3
당황하겠지,NNP,Lady Gaga & BLACKPINK,1
대놓고,NNP,BLACKPINK,1
대부분이,NNP,BLACKPINK,1
더,JJ,BLACKPINK,1
더,NNP,BLACKPINK,13
더,VBP,BLACKPINK,1
던지고,NNP,BLACKPINK,2
던지면,NNP,BLACKPINK,1
데려가,NNP,BLACKPINK,1
도네,NNP,BLACKPINK,2
도는,NNP,BLACKPINK,1
도도하지만,NNP,BLACKPINK,1
도둑인데,NNP,BLACKPINK,1
도려내,NNP,BLACKPINK,1
독인지,NNP,BLACKPINK,1
독한,NNP,BLACKPINK,1
독해,NNP,BLACKPINK,1
돌,NNP,BLACKPINK,1
동서남북,NNP,BLACKPINK,1
동안,NNP,BLACKPINK,3
돼,IN,BLACKPINK,2
돼,NNP,BLACKPINK,4
됐건,NNP,BLACKPINK,1
되는,NNP,BLACKPINK,1
된다면,NNP,BLACKPINK,2
될걸,NNP,BLACKPINK,1
두,JJ,BLACKPINK,1
두,NNP,BLACKPINK,8
두니까,NNP,Lady Gaga & BLACKPINK,1
두려움보단,NNP,BLACKPINK,1
두려워,NNP,BLACKPINK,1
두렵지,NNP,BLACKPINK,1
둘,NNP,BLACKPINK,2
둘을,NNP,BLACKPINK,2
둘이,NNP,BLACKPINK,1
뒤돌아보진,NNP,BLACKPINK,1
뒤를,NNP,BLACKPINK,1
뒤엔,NNP,BLACKPINK,1
뒷모습을,NNP,BLACKPINK,1
드는,NNP,BLACKPINK,1
듣던,JJ,BLACKPINK,1
들,NNP,BLACKPINK,2
들리겠지,NNP,BLACKPINK,1
들리잖아,NNP,BLACKPINK,2
들리지,NNP,BLACKPINK,1
들이대면,NNP,BLACKPINK,1
들킬까,NNP,BLACKPINK,1
듯,NNP,BLACKPINK,1
듯이,NNP,BLACKPINK,1
듯한,NNP,BLACKPINK,2
따뜻한,NNP,BLACKPINK,1
따라다라단딴,NNP,BLACKPINK,2
따위,NNP,BLACKPINK,1
따윈,NNP,BLACKPINK,6
따주겠다,NNP,BLACKPINK,1
딱,NNP,BLACKPINK,1
딱하지만,NNP,BLACKPINK,1
딱한,NNP,BLACKPINK,1
땅만,NNP,BLACKPINK,1
때,NNP,BLACKPINK,3
때론,NNP,BLACKPINK,2
때면,NNP,BLACKPINK,1
땐,NNP,BLACKPINK,1
떠나가고,NNP,BLACKPINK,1
떠나면,NNP,BLACKPINK,1
떠나지,JJ,BLACKPINK,1
떠나지마,NNP,BLACKPINK,4
떠난,NNP,BLACKPINK,1
떠날까,NNP,BLACKPINK,1
떨림,NNP,BLACKPINK,1
떨림은,NNP,BLACKPINK,2
떨림이,NNP,BLACKPINK,1
떼어,NNP,BLACKPINK,2
또,NNP,BLACKPINK,11
똑같아,NNP,BLACKPINK,1
똑딱,NNP,BLACKPINK,1
똑바로,NNP,BLACKPINK,1
뚜두뚜두,NNP,BLACKPINK,1
뚜두룹바우,NNP,BLACKPINK,2
뚫고,NNP,BLACKPINK,1
뛰긴,NNP,BLACKPINK,1
뛰어,NNP,BLACKPINK,1
뛰잖아,NNP,BLACKPINK,2
뜨거워,NNP,BLACKPINK,12
뜨거워지잖아,NNP,BLACKPINK,1
뜨겁게,NNP,BLACKPINK,1
뜨겁고,NNP,BLACKPINK,1
뜨고,NNP,BLACKPINK,2
뜨면,NNP,BLACKPINK,2
뜻밖의,NNP,Lady Gaga & BLACKPINK,1
띠며,NN,BLACKPINK,1
마,NN,BLACKPINK,1
마,NNP,BLACKPINK,8
마-마-마지막처럼,JJ,BLACKPINK,6
마냥,NNP,BLACKPINK,1
마름,NNP,BLACKPINK,1
마셔도,NNP,BLACKPINK,1
마요,NNP,BLACKPINK,2
마음,NNP,BLACKPINK,1
마음만,NNP,BLACKPINK,1
마음속,NNP,BLACKPINK,1
마음에,NNP,BLACKPINK,2
마음은,NNP,BLACKPINK,3
마주할래,NNP,BLACKPINK,1
마지막,NNP,BLACKPINK,6
마지막처럼,NNP,BLACKPINK,7
마치,NNP,BLACKPINK,2
막아도,NNP,BLACKPINK,1
막지마,NNP,BLACKPINK,1
만나,NNP,BLACKPINK,3
만나면,NN,BLACKPINK,2
만난,NNP,BLACKPINK,2
만만한,NNP,BLACKPINK,2
만약에,NNP,BLACKPINK,1
만은,NNP,BLACKPINK,3
만큼,NNP,BLACKPINK,7
많은,NNP,BLACKPINK,3
많은걸,NNP,BLACKPINK,2
많지,NNP,BLACKPINK,1
말,NNP,BLACKPINK,5
말든,NN,BLACKPINK,1
말들로,NNP,BLACKPINK,1
말들로,NNP,Lady Gaga & BLACKPINK,1
말로만,VBP,BLACKPINK,1
말은,NNP,BLACKPINK,2
말이,NNP,BLACKPINK,1
말이야,NNP,BLACKPINK,1
말하지만,NNP,BLACKPINK,2
말할,NNP,BLACKPINK,2
말해,NNP,BLACKPINK,1
말해줘,JJ,BLACKPINK,3
말해줘,VB,BLACKPINK,3
말했어,NNP,BLACKPINK,1
맘,NNP,BLACKPINK,2
맘과,NNP,BLACKPINK,2
맘대로,NNP,BLACKPINK,3
맘에,NNP,BLACKPINK,1
맘을,NNP,BLACKPINK,1
맘이,NNP,BLACKPINK,2
망가져도,NNP,BLACKPINK,1
맞으면,NNP,BLACKPINK,1
맞을지도,NNP,BLACKPINK,1
맞음,NNP,BLACKPINK,1
맞추길,NNP,BLACKPINK,1
매달려,NNP,BLACKPINK,1
매번,JJ,BLACKPINK,1
매번,NNP,BLACKPINK,3
매일,NNP,BLACKPINK,3
매일매일,NNP,BLACKPINK,1
매일을,NNP,BLACKPINK,2
맨,NNP,BLACKPINK,2
머지않아,NNP,BLACKPINK,1
먼,NNP,BLACKPINK,1
멀리,NNP,BLACKPINK,2
멀쩡해,NNP,BLACKPINK,1
멈추지,NNP,BLACKPINK,1
멈춘,NNP,BLACKPINK,1
멈출,NNP,BLACKPINK,2
멈춰봐,NNP,BLACKPINK,1
멋대로,JJ,BLACKPINK,3
멋대로,NNP,BLACKPINK,1
멋있어,NNP,BLACKPINK,1
멍석,NNP,BLACKPINK,1
멜로디,NNP,BLACKPINK,2
모두,JJ,BLACKPINK,1
모두,NNP,BLACKPINK,2
모든,NNP,BLACKPINK,7
모래,NNP,BLACKPINK,1
모르게,NNP,BLACKPINK,4
모르겠지,NNP,BLACKPINK,2
모르는,NNP,BLACKPINK,1
모습을,NNP,BLACKPINK,1
모습이,NNP,BLACKPINK,1
몫을,NNP,BLACKPINK,1
몰라,NNP,BLACKPINK,5
몸매,NNP,BLACKPINK,1
몸매는,NN,BLACKPINK,1
몸이,NNP,BLACKPINK,1
못,NNP,BLACKPINK,3
못나,NNP,BLACKPINK,1
못된,NNP,BLACKPINK,1
못한,NNP,BLACKPINK,1
못할,NNP,BLACKPINK,1
못해,NNP,BLACKPINK,1
무감각해,NNP,BLACKPINK,1
무너졌어,NNP,BLACKPINK,1
무뎌져,NNP,BLACKPINK,1
무뎌져도,NNP,BLACKPINK,1
무얼,NNP,BLACKPINK,2
무엇도,NNP,BLACKPINK,1
무표정,NNP,BLACKPINK,1
문을,NNP,BLACKPINK,1
문제야,NNP,BLACKPINK,1
묻지마,NNP,BLACKPINK,2
물,NNP,BLACKPINK,2
물고기,NNP,BLACKPINK,1
뭐,NNP,BLACKPINK,1
뭐가,NNP,BLACKPINK,3
뭐라,NNP,BLACKPINK,1
뭔가,NNP,BLACKPINK,1
뭔데,NNP,BLACKPINK,3
뭘,NNP,BLACKPINK,3
미소를,JJ,BLACKPINK,1
미안하단,NNP,BLACKPINK,1
미워,NNP,BLACKPINK,1
미워하게,NNP,BLACKPINK,1
미친,NNP,BLACKPINK,1
미친듯한,NNP,BLACKPINK,1
미칠듯한,NNP,BLACKPINK,1
믿고,NNP,BLACKPINK,1
믿지마,NNP,BLACKPINK,1
밀치는,NNP,BLACKPINK,1
밉지만,NNP,BLACKPINK,2
바꿈,NNP,BLACKPINK,1
바뀌어가도,NNP,BLACKPINK,2
바뀌어도,NNP,BLACKPINK,1
바닥을,NNP,BLACKPINK,1
바라는,NNP,BLACKPINK,4
바라보고,NNP,BLACKPINK,2
바라보며,NNP,BLACKPINK,1
바라봄,NNP,BLACKPINK,1
바람,NNP,BLACKPINK,2
바람처럼,NNP,BLACKPINK,1
바로,NNP,BLACKPINK,1
바름,NNP,BLACKPINK,1
바보,NNP,BLACKPINK,2
바보인가,NNP,BLACKPINK,1
박차면,NNP,BLACKPINK,1
반복,NNP,BLACKPINK,1
반했어,NNP,BLACKPINK,1
받들어,NNP,BLACKPINK,1
밝아질수록,NNP,BLACKPINK,1
밝은,NNP,BLACKPINK,1
밤,NNP,BLACKPINK,10
밤에도,NNP,BLACKPINK,1
밤은,NNP,BLACKPINK,1
밤을,NNP,BLACKPINK,1
밤이,JJ,BLACKPINK,1
밤이,NNP,BLACKPINK,3
밤인,NNP,BLACKPINK,3
방,NNP,BLACKPINK,1
방금,NNP,BLACKPINK,1
방아쇠를,NNP,BLACKPINK,1
방에,NNP,BLACKPINK,1
배로,NNP,BLACKPINK,1
백,NN,BLACKPINK,1
백,NNP,BLACKPINK,1
뱉어야,NNP,BLACKPINK,1
뱉은,NNP,BLACKPINK,1
버려줄,NNP,BLACKPINK,2
버리고,NNP,BLACKPINK,2
버릴,NNP,BLACKPINK,2
버킷리스트,NNP,BLACKPINK,1
버티는,NNP,BLACKPINK,1
버틸,NNP,BLACKPINK,3
벅차기만,NNP,BLACKPINK,2
번,NNP,BLACKPINK,3
번복,NNP,BLACKPINK,1
벌음,NNP,BLACKPINK,1
벗겨졌어,NNP,BLACKPINK,1
벗어나,NNP,BLACKPINK,1
베기,NNP,BLACKPINK,1
벼랑,NNP,BLACKPINK,1
벽을,NNP,BLACKPINK,2
변하지,NNP,BLACKPINK,1
변해,NNP,BLACKPINK,1
별,NNP,BLACKPINK,1
별이,NNP,BLACKPINK,2
별이라도,NNP,BLACKPINK,1
보고,NNP,BLACKPINK,1
보기,NNP,BLACKPINK,2
보기를,NNP,BLACKPINK,1
보는,NNP,BLACKPINK,1
보니,NNP,BLACKPINK,2
보든,JJ,BLACKPINK,1
보듯이,NNP,BLACKPINK,2
보란,JJ,BLACKPINK,1
보며,NNP,BLACKPINK,1
보면,NNP,BLACKPINK,1
보여,NNP,BLACKPINK,1
보여봐,NNP,BLACKPINK,1
보여줄게,JJ,BLACKPINK,1
보이지만,NNP,BLACKPINK,1
보진,NNP,BLACKPINK,1
복잡한,NNP,BLACKPINK,1
본다고,NNP,BLACKPINK,1
볼,NNP,BLACKPINK,2
봐,NNP,BLACKPINK,3
봐도,NNP,BLACKPINK,4
부는,NNP,BLACKPINK,1
부셔올,NNP,BLACKPINK,1
부숴버리고,NNP,BLACKPINK,2
부어라,NNP,BLACKPINK,1
분위기가,NNP,BLACKPINK,2
분홍빛이,NN,BLACKPINK,1
분홍빛이,NNP,BLACKPINK,1
불,JJ,BLACKPINK,2
불,NNP,BLACKPINK,1
불길,NNP,BLACKPINK,3
불꽃같이,NNP,BLACKPINK,1
불러,NNP,BLACKPINK,2
불러줘,NNP,BLACKPINK,1
불빛은,NNP,BLACKPINK,1
불수록,NNP,BLACKPINK,1
불쌍해,IN,BLACKPINK,1
불쌍해,NNP,BLACKPINK,1
불쌍해하지,NNP,BLACKPINK,3
불씨,NNP,BLACKPINK,1
불안한,NNP,BLACKPINK,1
불안해,NNP,BLACKPINK,1
불어라,NNP,BLACKPINK,1
불을,NNP,BLACKPINK,4
불장난,JJ,BLACKPINK,2
불장난,NNP,BLACKPINK,5
붉은,NNP,BLACKPINK,1
붙은,NNP,BLACKPINK,1
비바람이,VB,BLACKPINK,1
비슷한,JJ,BLACKPINK,2
비싼,NNP,Lady Gaga & BLACKPINK,1
비웃어라,NNP,BLACKPINK,2
비워내고,NNP,BLACKPINK,1
비친,NNP,BLACKPINK,1
빈,NNP,BLACKPINK,2
빈자리,NNP,BLACKPINK,1
빛이,NNP,BLACKPINK,1
빠르게,NNP,BLACKPINK,2
빠름,NNP,BLACKPINK,1
빨간,NNP,BLACKPINK,1
빨랐던,NNP,BLACKPINK,1
빨러,NNP,BLACKPINK,1
빨리,NNP,BLACKPINK,3
뺏지,NNP,BLACKPINK,1
뻔하디,NNP,BLACKPINK,1
뻔한,NNP,BLACKPINK,1
뻔해,NNP,BLACKPINK,2
뻗어봐도,NNP,BLACKPINK,1
뼛속까지,NNP,BLACKPINK,1
뽀뽀,NNP,BLACKPINK,1
삐끗,NNP,BLACKPINK,1
사거리,JJ,BLACKPINK,1
사계절이,NNP,BLACKPINK,1
사람,JJ,BLACKPINK,1
사람,NNP,BLACKPINK,3
사람들과의,NNP,BLACKPINK,1
사람들처럼,NNP,BLACKPINK,1
사람은,NNP,BLACKPINK,1
사랑,NNP,BLACKPINK,3
사랑은,NNP,BLACKPINK,6
사랑을,NNP,BLACKPINK,3
사랑의,NNP,BLACKPINK,2
사랑이,NNP,BLACKPINK,1
사랑이란,NNP,BLACKPINK,1
사랑인,NNP,BLACKPINK,3
사랑하니,NNP,BLACKPINK,2
사랑해,NNP,BLACKPINK,3
사방으로,NNP,BLACKPINK,1
사실은,VBP,BLACKPINK,1
살쪄도,NNP,BLACKPINK,1
상상해봐,NN,BLACKPINK,1
상처를,NNP,BLACKPINK,1
상처만,NNP,BLACKPINK,3
상처투성인,NNP,BLACKPINK,1
상해,NNP,BLACKPINK,1
새로운,NNS,BLACKPINK,1
새빨간,NNP,BLACKPINK,1
색깔은,NNP,BLACKPINK,1
생각나,NNP,BLACKPINK,1
생각들,NNP,BLACKPINK,3
생각은,NNP,BLACKPINK,1
생각하는,NNP,BLACKPINK,1
생각해,NNP,BLACKPINK,8
서툰,VBP,BLACKPINK,2
설레,NNP,BLACKPINK,1
설레게,NNP,BLACKPINK,2
설렘을,NNP,BLACKPINK,1
설렘이,NNP,BLACKPINK,1
세게,NNP,BLACKPINK,1
세상,NNP,BLACKPINK,4
세상에,NNP,BLACKPINK,1
세상에서,NNP,BLACKPINK,1
세상은,NNP,BLACKPINK,2
세상을,NNP,BLACKPINK,2
세상이,NNP,BLACKPINK,2
셀,NNP,BLACKPINK,1
셋,NNP,BLACKPINK,2
소리,NNP,BLACKPINK,3
소리가,NNP,BLACKPINK,2
소릴,NNP,Lady Gaga & BLACKPINK,1
소용없다,NNP,BLACKPINK,2
소용없어,NNP,BLACKPINK,1
속,NNP,BLACKPINK,2
속더라도,NNP,BLACKPINK,1
속도,NNP,BLACKPINK,1
속삭이곤,NNP,BLACKPINK,1
속에,NNP,BLACKPINK,4
속엔,NNP,BLACKPINK,1
속으로,NNP,BLACKPINK,1
손목에,NNP,BLACKPINK,1
손엔,NNP,BLACKPINK,2
손을,NNP,BLACKPINK,1
손이,NNP,BLACKPINK,1
수,NNP,BLACKPINK,22
수가,NNP,BLACKPINK,4
순,NNP,BLACKPINK,3
순간이,NNP,BLACKPINK,2
술은,NNP,BLACKPINK,1
숨결이,NNP,BLACKPINK,1
숨겼던,NNP,BLACKPINK,3
숨통을,NNP,BLACKPINK,2
쉽게,NN,BLACKPINK,1
쉽게,NNP,BLACKPINK,4
쉽지,NNP,BLACKPINK,1
스쳐가는,NNP,BLACKPINK,1
슬픈,NNP,BLACKPINK,2
시간만큼,NNP,BLACKPINK,1
시간은,NNP,BLACKPINK,2
시간을,NNP,BLACKPINK,2
시간이,NNP,BLACKPINK,2
시계,NNP,BLACKPINK,1
시동을,NNP,BLACKPINK,1
시원한,JJ,BLACKPINK,1
시작이야,VBP,BLACKPINK,1
실컷,JJ,BLACKPINK,2
실컷,NNP,BLACKPINK,1
싫어하건,NNP,BLACKPINK,1
싫었던,NNP,BLACKPINK,1
심장에,NNP,BLACKPINK,1
심장은,NNP,BLACKPINK,1
심장을,NNP,BLACKPINK,1
심장의,NNP,BLACKPINK,2
심장이,NNP,BLACKPINK,2
싶어,NNP,BLACKPINK,6
싹,NNP,BLACKPINK,2
싹둑싹둑,VBP,BLACKPINK,1
씩씩하게,NNP,BLACKPINK,1
씹지마,NNP,BLACKPINK,1
아냐,NNP,BLACKPINK,4
아냐,VBP,BLACKPINK,1
아니길,NN,BLACKPINK,1
아니길,NNP,BLACKPINK,3
아니야,NNP,BLACKPINK,1
아니었던,NNP,BLACKPINK,1
아닌,NNP,BLACKPINK,1
아래,NNP,BLACKPINK,2
아름다워,NNP,BLACKPINK,1
아마,NN,BLACKPINK,1
아마,NNP,BLACKPINK,2
아무,FW,BLACKPINK,2
아무,NNP,BLACKPINK,4
아무리,NNP,BLACKPINK,1
아물면,NNP,BLACKPINK,1
아쉬울,NNP,BLACKPINK,1
아이,NNP,BLACKPINK,1
아주,NNP,BLACKPINK,1
아직,NNP,BLACKPINK,6
아직은,NNP,BLACKPINK,2
아파도,JJ,BLACKPINK,3
아파도,NNP,BLACKPINK,2
아프고,NNP,BLACKPINK,1
아프다,NNP,BLACKPINK,1
아프더라도,NNP,BLACKPINK,1
아플까,NNP,BLACKPINK,1
아픔,JJ,BLACKPINK,2
아픔,NNP,BLACKPINK,1
아픔도,NNP,BLACKPINK,1
아픔없인,JJ,BLACKPINK,1
아픔을,NNP,BLACKPINK,1
아픔이,NNP,BLACKPINK,1
악마,NNP,BLACKPINK,1
안,NNP,BLACKPINK,9
안쓰러워,NNP,BLACKPINK,1
안아줘,NNP,BLACKPINK,4
앉아,NNP,BLACKPINK,1
않아,NNP,BLACKPINK,9
않은,NNP,BLACKPINK,2
않을,NNP,BLACKPINK,1
않지,NNP,BLACKPINK,1
알아,NNP,BLACKPINK,1
알아갈수록,NNP,BLACKPINK,1
알아서,JJ,BLACKPINK,1
알아주길,NNP,BLACKPINK,1
알잖아,NNP,BLACKPINK,1
암만,NNP,BLACKPINK,1
앞에선,NNP,BLACKPINK,1
애가,NNP,BLACKPINK,1
애써,NNP,BLACKPINK,5
애써서,JJ,BLACKPINK,1
애타게,NNP,BLACKPINK,2
애태우고,NNP,BLACKPINK,2
약속은,NNP,BLACKPINK,1
약인지,NNP,BLACKPINK,1
약하진,NNP,BLACKPINK,1
양아치,NNP,BLACKPINK,1
어긋난,NNP,BLACKPINK,1
어김없이,NNP,Lady Gaga & BLACKPINK,1
어느새,NNP,BLACKPINK,1
어두운,NNP,BLACKPINK,4
어두운,VBP,BLACKPINK,1
어두울까,VBD,BLACKPINK,1
어둠이,NNP,BLACKPINK,1
어디가,NNP,BLACKPINK,1
어디서든,NNP,BLACKPINK,1
어떡해,NNP,BLACKPINK,3
어떨지,NNP,BLACKPINK,1
어떻게,NNP,BLACKPINK,2
어려운,NNP,BLACKPINK,2
어려워,NNP,BLACKPINK,3
어색하게,NNP,BLACKPINK,1
어색한,NNP,BLACKPINK,1
어이없어,NNP,BLACKPINK,1
어장,NNP,BLACKPINK,1
어지러워,NNP,BLACKPINK,1
어쩌겠다는,NNP,BLACKPINK,2
어쩔,NNP,BLACKPINK,3
어차피,NNP,BLACKPINK,3
억지스런,NNP,BLACKPINK,1
언제나,NNP,BLACKPINK,2
얼굴에,NNP,BLACKPINK,1
얼굴이,NNP,BLACKPINK,1
얼어,NNP,BLACKPINK,1
얼음,NNP,BLACKPINK,1
엄마,NNP,BLACKPINK,1
엄마도,NNP,BLACKPINK,1
엄만,NNP,BLACKPINK,1
없게,NNP,BLACKPINK,4
없는,FW,BLACKPINK,2
없는,NNP,BLACKPINK,13
없는,NNP,Lady Gaga & BLACKPINK,1
없다고,NNP,BLACKPINK,3
없다면,NNP,BLACKPINK,2
없어,IN,BLACKPINK,3
없어,NNP,BLACKPINK,16
없으나,NNP,BLACKPINK,1
없을,NNP,BLACKPINK,1
없이,NNP,BLACKPINK,8
없인,NNP,BLACKPINK,2
없잖아,NNP,BLACKPINK,4
엉켜버린,NNP,BLACKPINK,3
여왕벌처럼,NNP,BLACKPINK,1
여자,NNP,BLACKPINK,2
여전히,NNP,BLACKPINK,1
연락은,NNP,BLACKPINK,1
영원한,JJ,BLACKPINK,1
영원할,NNP,BLACKPINK,3
옆에,NNP,BLACKPINK,3
옆엔,NNP,BLACKPINK,1
예쁘장한,NNP,BLACKPINK,5
예쁘장한,VBP,BLACKPINK,2
예쁜,NNP,BLACKPINK,2
오게,NNP,BLACKPINK,1
오글거려,NNP,BLACKPINK,1
오늘,NNP,BLACKPINK,6
오늘은,JJ,BLACKPINK,1
오늘은,NNP,BLACKPINK,4
오늘이,JJ,BLACKPINK,2
오늘처럼,NNP,BLACKPINK,2
오빠,NNP,BLACKPINK,4
오빠야,NNP,BLACKPINK,1
오직,NN,BLACKPINK,1
오질,NNP,BLACKPINK,1
온,JJ,BLACKPINK,1
온,NNP,BLACKPINK,1
올,NNP,BLACKPINK,1
올라,NNP,BLACKPINK,2
옷,NNP,BLACKPINK,1
와버렸는걸,NNP,BLACKPINK,1
왔다,JJ,BLACKPINK,1
왔다,NNP,BLACKPINK,1
왜,NNP,BLACKPINK,4
외로울,NN,BLACKPINK,1
외로웠던,NNP,BLACKPINK,1
외치는,NNP,BLACKPINK,1
외톨이,NNP,BLACKPINK,1
우리,JJ,BLACKPINK,1
우리,NNP,BLACKPINK,7
우리가,NNP,BLACKPINK,1
우린,NNP,BLACKPINK,7
우릴,NNP,BLACKPINK,2
울려대는,NNP,BLACKPINK,1
울리는데,NNP,BLACKPINK,2
울릴까,NNP,BLACKPINK,1
웃어보다,NNP,BLACKPINK,1
웃어주는,NNP,BLACKPINK,2
웃어주지만,NNP,BLACKPINK,1
웃어줄게,FW,BLACKPINK,2
웃었던,NNP,BLACKPINK,1
웃을,NNP,BLACKPINK,1
원치,NNP,BLACKPINK,1
원하는,NNP,BLACKPINK,1
원하면,NNP,BLACKPINK,2
원하면,VB,BLACKPINK,1
원한,JJ,BLACKPINK,3
원한다고,NNP,BLACKPINK,3
원한다면,NNP,BLACKPINK,1
원할,NNP,BLACKPINK,1
원해,NNP,BLACKPINK,4
원했다면,NNP,BLACKPINK,2
위로하고,NNP,BLACKPINK,1
위에,NNP,BLACKPINK,2
위한,NNP,BLACKPINK,3
위해,NNP,BLACKPINK,1
위해서,NNP,BLACKPINK,2
위험하게,NNP,BLACKPINK,1
유난히,NNP,BLACKPINK,1
유일한,NNP,BLACKPINK,1
은하수로,NNP,BLACKPINK,1
의미가,NNP,BLACKPINK,3
이,JJ,BLACKPINK,1
이,NNP,BLACKPINK,19
이,VBP,BLACKPINK,3
이건,NNP,BLACKPINK,1
이게,NNP,BLACKPINK,1
이곳에,JJ,BLACKPINK,2
이곳에,NNP,BLACKPINK,2
이곳에서,NNP,BLACKPINK,1
이대로,NNP,BLACKPINK,2
이래,NNP,BLACKPINK,1
이랬다저랬다,NNP,BLACKPINK,1
이러쿵저러쿵,NNP,BLACKPINK,1
이런,NNP,BLACKPINK,1
이런,VBP,BLACKPINK,1
이렇게,NNP,BLACKPINK,7
이렇게,VBP,BLACKPINK,2
이름,NNP,BLACKPINK,1
이미,NNP,BLACKPINK,2
이상,NNP,BLACKPINK,1
이유는,NNP,BLACKPINK,2
이제,NN,BLACKPINK,1
이제,NNP,BLACKPINK,3
이제,VBP,BLACKPINK,1
이제는,NNP,BLACKPINK,1
이제서야,NNP,BLACKPINK,2
이젠,NNP,BLACKPINK,10
인기를,NNP,BLACKPINK,1
인연이,NNP,BLACKPINK,1
인해,VBZ,BLACKPINK,1
일,NNP,BLACKPINK,1
일도,FW,BLACKPINK,2
일지도,NNP,BLACKPINK,2
잃은,JJ,BLACKPINK,1
잃을,NNP,BLACKPINK,3
입,NNP,BLACKPINK,1
입만,NNP,BLACKPINK,1
입술은,NNP,BLACKPINK,1
있게,NNP,BLACKPINK,3
있는,NNP,BLACKPINK,2
있다,NNP,BLACKPINK,1
있던,NNP,BLACKPINK,1
있어,NNP,BLACKPINK,2
있어도,NNP,BLACKPINK,1
있어줘,NNP,BLACKPINK,1
있었을,NNP,BLACKPINK,1
있으나,NNP,BLACKPINK,1
있으니까,NNP,BLACKPINK,1
있으면,NNP,BLACKPINK,2
있을,NNP,BLACKPINK,1
있을까,NNP,BLACKPINK,1
있잖아,NNP,BLACKPINK,2
잊을,NNP,BLACKPINK,9
잊지,NNP,BLACKPINK,1
자꾸,NNP,BLACKPINK,2
자름,JJ,BLACKPINK,1
자리에,NNP,BLACKPINK,2
자존심,NNP,BLACKPINK,1
자태부터,NNP,BLACKPINK,1
잘,NNP,BLACKPINK,5
잘못,NN,BLACKPINK,1
잘하지,NNP,BLACKPINK,1
잘해,NNP,BLACKPINK,1
잠,NNP,BLACKPINK,1
잠깐,JJ,BLACKPINK,1
잠깐,NNP,BLACKPINK,2
잠깐,VB,BLACKPINK,1
잠시도,NNP,BLACKPINK,3
잡겠다고,NNP,BLACKPINK,1
잡고,NNP,BLACKPINK,3
잡아도,NNP,BLACKPINK,1
잡아줘,NNP,BLACKPINK,1
잡히지,NNP,BLACKPINK,1
잡힐,NNP,BLACKPINK,1
장난이,NNP,BLACKPINK,1
저,NNP,BLACKPINK,7
전,NNP,BLACKPINK,1
전부를,NNP,BLACKPINK,2
전에,NNP,BLACKPINK,3
전화가,NNP,BLACKPINK,1
전화번호,NNP,BLACKPINK,1
절대,JJ,BLACKPINK,1
절대,NNP,BLACKPINK,4
젊음을,NNP,BLACKPINK,1
젊음이,NNP,BLACKPINK,2
점점,NNP,BLACKPINK,3
정도,NNP,BLACKPINK,1
정도는,NNP,BLACKPINK,1
정돈,NNP,BLACKPINK,1
정리해,NNP,BLACKPINK,1
정말,NNP,BLACKPINK,2
정신,NNP,BLACKPINK,2
정신을,NNP,BLACKPINK,2
제멋대로,NNP,BLACKPINK,1
조심하라고,NNP,BLACKPINK,1
좀,NNP,BLACKPINK,2
좋건,NNP,BLACKPINK,1
좋아,NNP,BLACKPINK,12
좋아하던,NNP,BLACKPINK,1
주워,NNP,BLACKPINK,1
주위의,NNP,BLACKPINK,1
주인공은,NNP,BLACKPINK,1
죽을,NNP,BLACKPINK,1
줄,NNP,BLACKPINK,1
줌의,NNP,BLACKPINK,1
중독을,JJ,BLACKPINK,1
중에,NNP,BLACKPINK,1
줘,NNP,BLACKPINK,2
줬어야,NNP,BLACKPINK,1
줬지만,NNP,BLACKPINK,1
지금,JJ,BLACKPINK,3
지금,NN,BLACKPINK,1
지금,NNP,BLACKPINK,13
지금처럼,NNP,BLACKPINK,1
지나치지,NNP,BLACKPINK,2
지난날은,NNP,BLACKPINK,1
지루해,NNP,BLACKPINK,1
지를,NNP,BLACKPINK,2
지름,NNP,BLACKPINK,1
지우게,NNP,BLACKPINK,1
지웠어,NNP,BLACKPINK,1
지하까지,NNP,BLACKPINK,1
직진,NNP,BLACKPINK,1
진짜,NNP,BLACKPINK,1
질러,NNP,Lady Gaga & BLACKPINK,1
질러줘,NNP,BLACKPINK,2
질투가,NNP,BLACKPINK,1
집착할,JJ,BLACKPINK,3
짖는,NNP,BLACKPINK,2
짜릿하게,JJ,BLACKPINK,1
짠,NNP,BLACKPINK,1
짠짠짠,NNP,BLACKPINK,1
찢어버린,NNP,BLACKPINK,1
차는,NNP,BLACKPINK,1
차라리,NNP,BLACKPINK,1
차리고,NNP,BLACKPINK,2
착각,NNP,BLACKPINK,1
착각하지,NNP,BLACKPINK,2
착한,JJ,BLACKPINK,1
착한,NNP,BLACKPINK,2
창가에,NNP,BLACKPINK,1
창문,NNP,BLACKPINK,1
창피하다가도,NNP,BLACKPINK,1
찾아서,NNP,BLACKPINK,2
찾아오는,NNP,BLACKPINK,1
찾을,NNP,BLACKPINK,3
찾을까,NNP,BLACKPINK,1
채,NNP,BLACKPINK,3
채로,NNP,BLACKPINK,2
채론,NNP,BLACKPINK,1
처음,NNP,BLACKPINK,3
척은,NNP,BLACKPINK,2
척이란,NNP,Lady Gaga & BLACKPINK,1
천사,JJ,BLACKPINK,1
천천히,NNP,BLACKPINK,1
철,NNP,BLACKPINK,1
쳐다,VBZ,BLACKPINK,1
초라한,NNP,BLACKPINK,1
추락했던,NNP,BLACKPINK,1
축배를,NNP,BLACKPINK,1
출,NNP,BLACKPINK,2
춤을,NNP,BLACKPINK,2
춤추고,NNP,BLACKPINK,2
춤추는,NNP,BLACKPINK,3
춤추던,NNP,BLACKPINK,2
춤추러,NNP,BLACKPINK,1
치며,NNP,BLACKPINK,2
침묵이,NNP,BLACKPINK,1
카펫부터,NNP,BLACKPINK,1
칼로,NNP,BLACKPINK,1
캄캄한,JJ,BLACKPINK,1
캄캄한,NNP,BLACKPINK,3
커져가는,NNP,BLACKPINK,1
코피가,NNP,BLACKPINK,1
콩깍지,NNP,BLACKPINK,1
크게,NNP,BLACKPINK,1
크니까,NNP,BLACKPINK,1
키스해줘,NNP,BLACKPINK,3
타,NNP,BLACKPINK,1
타오르게,NNP,BLACKPINK,2
타오르는,NNP,BLACKPINK,1
태도,NNP,BLACKPINK,1
태워버리게,NNP,BLACKPINK,1
택해,NNP,BLACKPINK,1
터질,NNP,BLACKPINK,3
테니까,NNP,BLACKPINK,2
툭,NNP,Lady Gaga & BLACKPINK,1
툭하면,JJ,BLACKPINK,1
특별해,NNP,BLACKPINK,2
틀린다면,NNP,BLACKPINK,1
파라,NNP,BLACKPINK,4
파라파라,NNP,BLACKPINK,5
파란,NNP,BLACKPINK,1
파람,NNP,BLACKPINK,12
판다고,NNP,BLACKPINK,3
팡팡,NNP,BLACKPINK,1
팡팡팡,NNP,BLACKPINK,2
퍼져,NNP,BLACKPINK,1
편해,NNP,BLACKPINK,1
포장한,NNP,Lady Gaga & BLACKPINK,1
표정,NNP,Lady Gaga & BLACKPINK,1
피게,NNP,BLACKPINK,1
피눈물,NNP,BLACKPINK,1
필요,NNP,BLACKPINK,2
하게,NNP,BLACKPINK,1
하고,NNP,BLACKPINK,1
하고파,NNP,BLACKPINK,1
하나,NNP,BLACKPINK,4
하나만,NNP,BLACKPINK,1
하나에,NNP,Lady Gaga & BLACKPINK,1
하는,NNP,BLACKPINK,7
하늘,NNP,BLACKPINK,3
하늘을,NNP,BLACKPINK,2
하늘의,NNP,BLACKPINK,1
하니까,NNP,BLACKPINK,2
하던,NN,BLACKPINK,1
하루도,NNP,BLACKPINK,4
하면,NNP,BLACKPINK,1
하지,NNP,BLACKPINK,1
하찮은,VBP,BLACKPINK,2
하하,NNP,BLACKPINK,1
한,NNP,BLACKPINK,1
한가득,NNP,BLACKPINK,1
한눈,NNP,BLACKPINK,3
한마디,NNP,BLACKPINK,1
한마디면,NNP,BLACKPINK,1
한마디보단,NNP,BLACKPINK,1
한바탕,NNP,BLACKPINK,2
한번,NNP,BLACKPINK,1
한여름,NNP,BLACKPINK,1
할,NNP,BLACKPINK,1
함께라면,NNP,BLACKPINK,2
함께하는,NNP,BLACKPINK,3
함부로,NNP,BLACKPINK,1
해,NNP,BLACKPINK,13
해내지,NNP,BLACKPINK,2
해도,NNP,BLACKPINK,5
해봐,NNP,BLACKPINK,1
해주면,NNP,BLACKPINK,1
해줄,NNP,BLACKPINK,1
했다,NNP,BLACKPINK,2
했어,NNP,BLACKPINK,3
행복해,NNP,BLACKPINK,4
향기는,NNP,BLACKPINK,2
향한,NNP,BLACKPINK,3
향해,NNP,BLACKPINK,1
허리를,NNP,BLACKPINK,1
헤매는,NNP,BLACKPINK,2
헤벌레,NNP,BLACKPINK,1
호호,NNP,BLACKPINK,1
혹시,NNP,BLACKPINK,1
혹시나,NNP,BLACKPINK,1
혹시라도,NNP,BLACKPINK,1
혹해,VBP,BLACKPINK,1
혼자,NNP,BLACKPINK,1
혼자가,NNP,BLACKPINK,2
혼자여도,NNP,BLACKPINK,3
홀로,NNP,BLACKPINK,2
환하게,NNP,BLACKPINK,2
활짝,NNP,BLACKPINK,1
후회,NNP,BLACKPINK,4
후회한,NNP,BLACKPINK,2
훅,NNP,BLACKPINK,1
휘,JJ,BLACKPINK,4
휘,NNP,BLACKPINK,4
휘파람,NNP,BLACKPINK,4
휘파람처럼,NNP,BLACKPINK,1
흐르게,NNP,BLACKPINK,1
흔한,NNP,BLACKPINK,3
흘러가는데,NNP,BLACKPINK,1
히히,NNP,BLACKPINK,1
